prediction;label
0.8830495;0
0.9638872;0
0.76890546;1
0.96845144;1
0.9301313;1
0.5946847;1
0.99058586;1
0.9987386;1
0.9939266;1
0.15541813;1
0.9957625;1
0.9925524;1
0.75667846;0
0.86262685;0
0.9135667;1
0.99979883;1
0.9627386;1
0.9925372;1
0.9996892;1
0.8156182;1
0.99850225;1
0.9687386;1
0.5227954;0
0.83906937;0
0.91408205;0
0.9799999;1
0.9480169;1
0.97885555;1
0.63010466;0
0.4142991;1
0.97685975;0
0.993008;1
0.85894907;0
0.60986954;0
0.1422354;1
0.9018486;1
0.7594959;0
0.8132421;1
0.99577206;1
0.78362405;0
0.74364984;0
0.83062893;0
0.9828882;1
0.9274948;1
0.99263084;1
0.89444435;0
0.8917768;1
0.7383005;0
0.619928;0
0.9558905;1
0.19047235;0
0.96125203;1
0.8507167;0
0.9403377;1
0.8915132;0
0.9675049;0
0.996447;1
0.99934405;1
0.98218495;1
0.9454629;1
0.19730164;0
0.5094784;0
0.9972103;1
0.993733;1
0.8138458;0
0.93118715;1
0.955673;1
0.47753185;0
0.15609817;0
0.98804027;1
0.98684365;0
0.8871242;0
0.2987531;0
0.48554194;1
0.9963905;1
0.31278768;1
0.37955844;1
0.77468497;1
0.6568103;1
0.82544094;0
0.40593258;0
0.99999297;1
0.5145019;0
0.18544848;0
0.9469573;1
0.9506778;1
0.47899204;0
0.9958157;1
0.77304804;1
0.8815364;1
0.99388134;1
0.99887484;1
0.99958485;1
0.47567666;0
0.65187585;0
0.9950512;1
0.9980439;1
0.07163533;1
0.113268115;0
0.53280276;1
0.65018547;0
0.964521;1
0.73563987;1
0.63822144;1
0.96696776;1
0.1783999;0
0.9934028;1
0.49605644;0
0.9646444;1
0.9962703;1
0.8693537;1
0.93449455;1
0.71490014;0
0.6218327;1
0.55150115;0
0.9893841;1
0.47514242;0
0.98316956;1
0.9076264;0
0.8919643;1
0.9806347;1
0.98905784;1
0.85648686;0
0.9968066;1
0.3986683;1
0.5566258;0
0.99564916;1
0.92381734;1
0.9776595;1
0.9536548;1
0.3211776;0
0.44952816;0
0.99718565;1
0.6641763;1
0.95767856;1
0.95084506;1
0.93714166;1
0.9998708;1
0.9511467;1
0.9919565;1
0.6306749;0
0.985933;1
0.9999293;1
0.95827365;1
0.9093259;1
0.6441252;1
0.9301505;0
0.19382527;1
0.96442544;1
0.9819324;1
0.18796735;0
0.90252346;1
0.97973126;1
0.96203107;1
0.89929813;0
0.7657808;0
0.675161;1
0.23075293;0
0.9519138;1
0.49466813;0
0.98266196;1
0.8676637;0
0.9550127;0
0.88515353;1
0.9935667;1
0.9794755;1
0.729637;1
0.98802537;1
0.9723923;1
0.19813628;0
0.8746817;1
0.38972062;0
0.99980396;1
0.82423043;0
0.14697202;0
0.45961246;1
0.96617395;1
0.9394168;1
0.9484496;0
0.9937954;1
0.23734473;1
0.85806733;1
0.39161947;1
0.74272394;0
0.81190985;0
0.9912068;1
0.9850853;1
0.9999087;1
0.9837578;1
0.6898148;0
0.82487553;0
0.38042766;1
0.6395828;1
0.13702407;0
0.446998;0
0.7703912;0
0.8926655;1
0.7653139;1
0.9325074;0
0.062496368;0
0.27955583;1
0.60906863;0
0.802011;1
0.4529607;1
0.67150736;0
0.72685254;0
0.06903416;0
0.9788415;1
0.7533723;0
0.9998857;1
0.99659073;1
0.9295391;1
0.97991484;1
0.66733557;0
0.991344;1
0.76654017;1
0.43127424;1
0.9975714;1
0.5330614;0
0.89270186;1
0.60114336;0
0.9920854;1
0.9786224;1
0.99601483;1
0.9973074;1
0.7902761;1
0.9990544;1
0.63018507;0
0.99990356;1
0.94192445;0
0.8246091;1
0.9951814;1
0.89612204;0
0.799373;1
0.92953;1
0.62178814;0
0.5678204;0
0.67453873;0
0.74005127;0
0.97355294;1
0.98875123;1
0.16770712;0
0.75840265;0
0.9844155;1
0.22920527;0
0.45507073;0
0.7075096;0
0.8459665;0
0.7858945;0
0.9932996;1
0.8837028;0
0.54873675;0
0.9695181;1
0.985025;1
0.941268;1
0.98856944;1
0.65958536;0
0.34071627;0
0.9824952;1
0.7609141;1
0.6787508;1
0.93046427;0
0.66694885;1
0.9021763;0
0.6057976;0
0.99750096;1
0.99884653;1
0.8463442;0
0.9916123;1
0.8589536;1
0.9561428;1
0.19552952;0
0.95006573;1
0.965972;1
0.9502716;1
0.82145804;0
0.84325355;0
0.41078642;1
0.9978015;1
0.87891155;0
0.9162859;1
0.27789456;0
0.9726254;0
0.9694872;0
0.9241533;1
0.10460973;0
0.9794573;0
0.65477675;0
0.7988936;0
0.89015186;1
0.87469023;1
0.9907933;1
0.94569737;1
0.29042843;0
0.99598515;1
0.83519536;1
0.95008767;1
0.9165898;0
0.3372301;0
0.9836262;0
0.57472664;0
0.40037552;0
0.97801983;1
0.99954814;1
0.9982857;1
0.69656175;0
0.8636919;1
0.3129205;0
0.91439027;1
0.82650506;1
0.99107766;1
0.99700755;1
0.98425865;1
0.91951334;1
0.63307464;0
0.9965836;1
0.5173514;0
0.98175;1
0.66299576;0
0.9140258;1
0.99775714;1
0.9463129;1
0.9994351;1
0.9904869;1
0.54731506;1
0.9966665;1
0.98549634;1
0.85111904;0
0.9905441;1
0.8380954;1
0.4875705;1
0.988458;1
0.8803007;1
0.99127835;1
0.9602277;1
0.6570481;0
0.99658304;1
0.67688847;0
0.286013;0
0.9182673;0
0.3655558;0
0.978646;1
0.6601811;1
0.94891673;1
0.9999881;1
0.86833084;0
0.92948455;0
0.97665477;0
0.9818989;1
0.47466242;1
0.66156125;1
0.677517;0
0.5663484;1
0.76697093;1
0.71118253;0
0.9973877;1
0.33237433;0
0.9384536;1
0.98081255;1
0.851108;0
0.9999207;1
0.64186233;1
0.9653828;1
0.90710884;1
0.85678667;1
0.27632764;0
0.9976604;1
0.70867735;0
0.9961965;1
0.4173378;1
0.9864465;1
0.9201382;1
0.27119648;0
0.43277994;1
0.99947566;1
0.6507627;0
0.98901856;1
0.5456009;1
0.9461682;0
0.97996944;0
0.89642847;0
0.86895424;0
0.9319026;0
0.88280123;1
0.6949096;0
0.9953864;1
0.88335013;0
0.7956914;0
0.98490846;1
0.9438822;1
0.9362974;1
0.9894565;1
0.2185919;0
0.99968827;1
0.6795963;0
0.5832732;0
0.98568165;1
0.8870963;0
0.9935169;1
0.9831239;1
0.99780434;1
0.7039392;0
0.9905252;1
0.75861293;0
0.98052454;0
0.99493957;1
0.13695835;1
0.39456332;0
0.35683516;0
0.7990439;1
0.7525193;0
0.67394733;0
0.8213632;1
0.49671555;1
0.71597624;1
0.971437;1
0.4176123;0
0.9900771;1
0.5660013;0
0.9897085;1
0.8311676;1
0.9991702;1
0.9690054;1
0.9876189;1
0.387608;0
0.9980367;1
0.29150736;0
0.76236343;1
0.9940288;1
0.551312;0
0.3078108;0
0.46318093;0
0.7923596;1
0.777099;0
0.9995503;1
0.99941266;1
0.24166805;0
0.77853096;0
0.82159007;1
0.9846622;1
0.78713566;1
0.44448626;0
0.8608156;1
0.9885704;1
0.9349788;1
0.8827876;1
0.6395925;0
0.7131117;0
0.3018161;0
0.9165957;1
0.8469559;0
0.9901901;1
0.9321205;1
0.95438784;1
0.9835933;1
0.9961915;1
0.99997354;1
0.9377016;1
0.34099013;1
0.99221075;1
0.9840963;1
0.99998105;1
0.9113696;1
0.85562086;0
0.41601115;1
0.97111064;0
0.99019927;0
0.85606045;1
0.99201596;1
0.99809974;1
0.83566403;1
0.49803922;1
0.92406577;1
0.9585291;1
0.91663617;0
0.52794874;0
0.9996513;1
0.95389324;1
0.26503602;0
0.9999292;1
0.08998985;1
0.25774276;0
0.2397361;0
0.10491292;1
0.99234176;1
0.97790945;1
0.9483216;1
0.9312836;1
0.9343791;1
0.948308;0
0.96466553;1
0.8559235;0
0.68250066;0
0.93758124;1
0.71934354;0
0.93617404;0
0.9965082;1
0.7103384;0
0.97904646;1
0.29630226;0
0.49387816;0
0.4604632;1
0.59186614;0
0.99284345;1
0.7898641;1
0.993903;1
0.14036417;1
0.99999285;1
0.97954047;1
0.9977114;1
0.62752664;0
0.8433661;1
0.97929525;1
0.92858154;0
0.9866318;1
0.7854305;1
0.16439027;0
0.94211596;1
0.9711992;1
0.9324286;1
0.46764606;0
0.952359;1
0.9619321;1
0.99768794;1
0.92844784;1
0.83504057;0
0.99989116;1
0.98993754;1
0.66714066;0
0.86766756;0
0.529437;0
0.4478854;0
0.99770975;1
0.8765407;1
0.9868025;1
0.9790092;1
0.7012608;0
0.8369336;0
0.8227692;0
0.9890042;1
0.40568367;1
0.70781237;0
0.914679;1
0.99991524;1
0.66015875;0
0.3243839;0
0.9921182;0
0.58519864;0
0.98721176;1
0.8272004;0
0.21102162;0
0.68228066;0
0.95730424;1
0.8371318;1
0.96773094;1
0.682763;0
0.85639924;1
0.77925533;1
0.99999845;1
0.9998832;1
0.7328502;0
0.93321365;1
0.995082;1
0.27370185;0
0.99929667;1
0.9999639;1
0.8895576;1
0.9990701;1
0.7559904;1
0.99828255;1
0.968871;1
0.8374567;1
0.77613115;0
0.9892875;1
0.99216026;1
0.65381134;1
0.5314829;1
0.9979803;1
0.99999726;1
0.5870069;1
0.8968909;1
0.90719724;0
0.26152045;0
0.42941344;0
0.16672264;1
0.114181936;1
0.98927116;1
0.42380196;1
0.9960884;1
0.9868541;1
0.43490654;0
0.46033293;0
0.3533636;0
0.9445782;0
0.6009816;0
0.8383275;1
0.9955051;1
0.98733574;1
0.7596659;0
0.9214269;1
0.48920766;0
0.9797391;1
0.99974316;1
0.9160767;1
0.88468444;1
0.788232;1
0.6767713;1
0.86602104;1
0.33407515;1
0.6697902;1
0.5236067;0
0.54569846;0
0.9513231;0
0.9280346;1
0.909644;0
0.94980776;0
0.9946622;1
0.52205086;0
0.9918697;1
0.9661094;1
0.9605287;1
0.7502672;0
0.9009486;1
0.2967345;0
0.5431614;1
0.49156445;0
0.46560833;0
0.45810533;0
0.77530205;1
0.9273949;0
0.99796176;1
0.94546354;1
0.973104;0
0.82925683;1
0.5355651;0
0.61652017;0
0.46761322;0
0.97764665;1
0.86838484;1
0.6406343;1
0.9999924;1
0.5226164;0
0.93310404;0
0.99183464;1
0.70366305;1
0.8422592;0
0.8065985;0
0.21211661;1
0.98161113;1
0.42482975;1
0.5795754;1
0.98017293;1
0.17955106;0
0.5423519;1
0.97505945;1
0.5599363;0
0.88793653;0
0.99791986;1
0.9056527;0
0.94988734;1
0.6280267;0
0.98192525;1
0.59456885;0
0.7962086;1
0.7006593;1
0.2116641;1
0.576216;1
0.97765213;0
0.9743313;1
0.9588129;1
0.17543317;0
0.060784046;0
0.858951;0
0.90604484;1
0.9953367;1
0.9999982;1
0.9512352;1
0.7111755;1
0.5915255;1
0.9599224;1
0.99996173;1
0.49462244;1
0.68944734;1
0.96689075;0
0.9999722;1
0.82857084;0
0.8703955;0
0.77856827;1
0.13078104;0
0.9160082;0
0.6977046;0
0.9201182;1
0.29485562;0
0.8894542;1
0.21701519;1
0.20663255;0
0.09562624;0
0.92507696;0
0.83567446;1
0.20565377;0
0.941162;1
0.9757087;1
0.95630217;1
0.42474148;0
0.7933903;0
0.63643944;0
0.9221604;0
0.9945667;1
0.9808264;1
0.9843359;1
0.20954865;1
0.9632386;1
0.99425584;1
0.28988436;1
0.89491785;1
0.9442186;1
0.9970379;1
0.98696405;1
0.97301215;1
0.99955755;1
0.4883564;0
0.7996923;0
0.41246918;0
0.7983016;0
0.9858066;1
0.8364909;0
0.7446075;0
0.8198091;0
0.92406106;0
0.88597316;1
0.9997613;1
0.47147095;0
0.8690622;1
0.40267226;0
0.9888896;1
0.5751134;0
0.9675692;1
0.6121711;0
0.45119888;1
0.97086155;1
0.3212089;1
0.9886791;1
0.6838301;1
0.4022804;0
0.51873666;0
0.8297235;0
0.9976814;1
0.8871316;1
0.5566694;1
0.9954526;1
0.9999951;1
0.99979275;1
0.99130756;1
0.8723144;1
0.07299076;1
0.999977;1
0.8937038;1
0.8046569;0
0.6423891;0
0.998547;1
0.91273594;0
0.29088446;0
0.9916883;1
0.50985557;1
0.95509565;1
0.7977149;0
0.3433821;1
0.7618959;1
0.3470169;0
0.9132065;0
0.8962146;0
0.3723089;0
0.68438476;1
0.81133074;0
0.43421295;1
0.8738308;1
0.99673873;1
0.9493063;0
0.98710424;1
0.36468443;1
0.21886447;0
0.89596426;1
0.93973285;0
0.15241258;0
0.9893574;1
0.79137933;0
0.35527667;0
0.95953995;0
0.9959651;1
0.6826484;1
0.99934417;1
0.9070603;0
0.5815632;0
0.9917568;1
0.9738298;1
0.9638564;1
0.9988978;1
0.8083117;0
0.67858934;0
0.9999068;1
0.53313255;0
0.79374933;1
0.98540014;1
0.41450748;0
0.9999862;1
0.8373117;0
0.3115746;0
0.98758;1
0.904123;1
0.9662309;0
0.22309996;0
0.90916604;0
0.3719135;0
0.34107277;1
0.9398867;1
0.9833627;1
0.6269152;1
0.9963288;1
0.9604431;0
0.17819;0
0.9995365;1
0.86882025;1
0.95512956;1
0.63495684;0
0.9209711;1
0.8978132;1
0.6445356;1
0.97782326;1
0.79710674;0
0.62445503;0
0.8066368;0
0.38604674;1
0.9895536;1
0.919881;0
0.90130687;1
0.7024905;0
0.98170173;0
0.83875597;0
0.6736267;1
0.97608507;0
0.92536545;1
0.9976955;1
0.16198947;1
0.9445356;1
0.3768058;0
0.8253318;0
0.9052749;1
0.30676743;1
0.94851375;1
0.88736504;1
0.6044686;1
0.98570144;1
0.66068935;0
0.48796633;1
0.7822841;0
0.44915822;0
0.36316967;0
0.56628627;1
0.60795057;0
0.5276517;0
0.97503656;1
0.9854952;1
0.4899224;0
0.5544179;0
0.7430391;1
0.8608009;0
0.9409303;0
0.51684225;0
0.9921428;1
0.9998584;1
0.98618305;1
0.8714652;1
0.9948886;1
0.67787683;1
0.95465326;1
0.99991083;1
0.5350864;0
0.966819;1
0.99741995;1
0.77421343;1
0.92791605;0
0.85748714;0
0.9138713;1
0.9044525;1
0.45894158;0
0.6733491;0
0.5349725;0
0.88432425;0
0.9809145;1
0.7685328;0
0.99804235;1
0.8922399;1
0.5923791;1
0.89502496;1
0.8497813;0
0.77223635;0
0.9667299;1
0.9954758;1
0.9630568;0
0.94396156;1
0.9774865;1
0.7533064;1
0.63883066;0
0.8832428;1
0.75746006;0
0.8251441;1
0.9809014;1
0.9110615;1
0.9831334;1
0.96213335;1
0.2518673;0
0.998604;1
0.8932966;0
0.9993249;1
0.8730226;0
0.63079906;0
0.9968002;1
0.9633049;1
0.8268603;0
0.8451613;1
0.99989307;1
0.53389865;1
0.24582443;0
0.9997831;1
0.91646135;1
0.7320187;0
0.63568014;1
0.69301784;0
0.9561659;1
0.53397626;1
0.86468834;1
0.06660801;0
0.08213326;1
0.7441038;0
0.89254516;1
0.99674076;1
0.7624689;0
0.65747696;0
0.8315451;0
0.98417044;1
0.5607974;1
0.7130341;0
0.98691094;1
0.99992096;1
0.7264731;1
0.99572575;1
0.9925563;1
0.5576679;0
0.9997298;1
0.9670451;1
0.71312535;1
0.81197375;1
0.044512283;0
0.8369265;0
0.9777338;1
0.717508;1
0.99993813;1
0.6421844;1
0.9512857;1
0.9801332;1
0.9810875;0
0.41767147;0
0.97075224;1
0.89155805;0
0.8823728;1
0.5833311;1
0.9975909;1
0.9913306;1
0.8824606;0
0.9712828;1
0.7553683;1
0.99956614;1
0.865344;1
0.586429;1
0.512982;0
0.9998735;1
0.7627039;0
0.613704;1
0.98448896;1
0.99217856;1
0.61903393;0
0.99590933;1
0.99200386;1
0.6725702;1
0.36280727;0
0.80877197;1
0.9381265;1
0.98960334;1
0.7517017;1
0.917669;1
0.9157868;0
0.9684202;0
0.9975649;0
0.998789;1
0.70780826;0
0.24069227;0
0.90209204;1
0.9998128;1
0.97776777;1
0.8245287;0
0.9694905;1
0.9921061;1
0.30140197;1
0.9300898;0
0.83563757;1
0.3544659;1
0.7694731;0
0.8936659;1
0.9988029;1
0.6659286;1
0.85480887;1
0.52295;0
0.07608252;0
0.26148054;0
0.95186096;1
0.114017285;0
0.95890236;1
0.9986928;1
0.9959955;1
0.96251667;1
0.9593672;1
0.3906798;0
0.51695764;0
0.4874671;1
0.95694387;1
0.35635504;0
0.5892999;0
0.9943228;1
0.8840741;0
0.93043435;1
0.9733094;1
0.9101367;1
0.97843814;1
0.9985713;1
0.97545177;1
0.8133047;1
0.9281279;1
0.994695;1
0.98464257;1
0.883398;0
0.55636024;1
0.9953856;1
0.9412627;1
0.98496985;1
0.99032086;1
0.98139083;1
0.5852338;0
0.96326524;0
0.99379224;1
0.9175235;0
0.966267;1
0.81341547;0
0.93820286;0
0.9693285;1
0.0989349;0
0.9913776;1
0.8845126;0
0.5644765;0
0.7849864;0
0.98983383;1
0.56031674;0
0.9845578;1
0.4945798;0
0.94285274;0
0.70123464;1
0.2385074;0
0.99999607;1
0.4761273;0
0.91229975;0
0.83509403;0
0.5627115;0
0.68542343;1
0.95294726;1
0.9540395;1
0.99213797;1
0.1906592;0
0.6859178;0
0.8105969;0
0.94008523;1
0.9457032;1
0.23725829;0
0.96728945;0
0.22671995;0
0.9958968;1
0.99152935;1
0.9859918;1
0.61064523;0
0.09176378;0
0.9756006;1
0.95420295;0
0.8701252;0
0.96874255;1
0.72701764;0
0.4732955;0
0.99169344;1
0.9855714;0
0.7354019;1
0.7093233;0
0.8929228;1
0.64184225;0
0.90634936;0
0.97403234;1
0.9893482;1
0.9969068;1
0.89338356;0
0.9983706;1
0.99807346;1
0.99421376;1
0.8409332;1
0.8739204;1
0.888698;1
0.20399228;0
0.9957818;1
0.9629237;1
0.0824983;0
0.99764603;1
0.98147017;1
0.87633234;0
0.7963072;0
0.99485755;1
0.97074896;1
0.5874548;0
0.9969146;1
0.1194379;0
0.7701985;0
0.67019045;0
0.6744364;0
0.97659177;1
0.9523647;0
0.99996555;1
0.76030976;0
0.46080205;0
0.7979579;1
0.9686123;1
0.17449193;0
0.95367116;1
0.9259661;0
0.26295757;1
0.4985424;1
0.99792385;1
0.8159174;0
0.9999814;1
0.97714955;1
0.9232741;1
0.96368086;0
0.9585278;1
0.9994666;1
0.6194258;0
0.9493651;1
0.84295875;0
0.97638935;1
0.43537998;0
0.99996877;1
0.9817919;1
0.99637455;1
0.7019785;0
0.56414694;0
0.95566547;1
0.80926627;0
0.9291166;0
0.94110835;1
0.44406372;0
0.9901427;1
0.8697916;0
0.6303579;0
0.9290671;1
0.8714005;0
0.8970694;1
0.36466834;0
0.46794656;0
0.39019418;0
0.9955777;1
0.8910262;1
0.9789898;1
0.97358525;1
0.9759907;1
0.9867149;1
0.7700258;0
0.9719759;1
0.9844861;1
0.82411045;0
0.510795;0
0.9750685;0
0.9968677;1
0.37358338;0
0.99206597;1
0.9985759;1
0.9806951;1
0.9149572;0
0.8004506;0
0.8432503;1
0.9975527;1
0.96311736;0
0.9774032;1
0.5356985;1
0.6153808;1
0.9984074;0
0.26649058;1
0.4602894;0
0.595415;1
0.98987436;1
0.97662055;1
0.98485976;1
0.97875;1
0.1313408;0
0.9999217;1
0.6037177;1
0.8633445;0
0.7714497;0
0.98335683;1
0.64977694;0
0.9976876;1
0.50022656;1
0.53374636;0
0.47663072;0
0.97379106;1
0.9741604;1
0.9962412;1
0.9859542;1
0.8305134;1
0.5816681;0
0.576805;1
0.9069768;1
0.39958203;0
0.8251396;0
0.8499769;0
0.86757904;0
0.9352011;1
0.99076825;1
0.67485464;1
0.91667587;1
0.9798957;1
0.8121487;1
0.2777295;0
0.99888605;1
0.9645577;1
0.82210344;1
0.7991945;1
0.93257344;1
0.7867369;1
0.309244;0
0.97378844;0
0.93205345;0
0.94366455;1
0.7549117;0
0.82976705;0
0.91678447;0
0.33880666;0
0.6514773;1
0.9979899;1
0.7500968;1
0.715784;0
0.95723134;1
0.91126114;0
0.98296815;1
0.9853873;1
0.5276262;1
0.5184836;0
0.86956;1
0.52689636;0
0.50845563;0
0.95332867;0
0.64071965;0
0.80294037;0
0.99635255;1
0.8777584;1
0.9562334;0
0.87774014;0
0.998206;1
0.9733034;1
0.99553454;1
0.97356385;0
0.31916013;0
0.9683368;1
0.75177616;1
0.8958266;1
0.85708827;1
0.6424903;0
0.9721076;1
0.21202306;1
0.37242672;1
0.77874005;0
0.64352393;1
0.6435131;0
0.9664846;1
0.99813133;1
0.9968045;1
0.06909594;0
0.87468326;1
0.9730882;0
0.9942127;1
0.9959352;1
0.9967608;1
0.99992895;1
0.9632492;1
0.035882093;0
0.21118331;0
0.99812514;1
0.28252;0
0.8608946;0
0.9733715;1
0.9956273;0
0.98730344;1
0.82286054;0
0.86726505;1
0.1819848;0
0.9669599;1
0.9763099;1
0.9918944;0
0.5096137;1
0.9210449;1
0.68689364;0
0.8599233;0
0.3626114;0
0.89452696;0
0.93546456;1
0.8865469;0
0.90039146;1
0.71645457;0
0.9697778;1
0.47614807;1
0.99871373;1
0.9110518;0
0.7676495;0
0.8847003;0
0.08998564;0
0.933253;1
0.6114059;0
0.9679335;1
0.8815543;0
0.4149113;0
0.85108244;1
0.1602341;0
0.27563336;0
0.7568238;1
0.90976006;1
0.75057065;0
0.9675666;1
0.99270356;1
0.38838714;1
0.5238577;0
0.7148878;0
0.8133963;1
0.9922389;1
0.9087948;0
0.2574648;1
0.95230335;1
0.9017889;0
0.99476975;1
0.9496954;1
0.9584286;1
0.84005755;1
0.99161386;1
0.95713603;1
0.88826966;1
0.17960727;0
0.9790885;1
0.9988984;1
0.82041824;0
0.88524425;0
0.9518504;1
0.42776382;0
0.940169;1
0.1332717;1
0.49416104;0
0.777431;1
0.83376914;0
0.41194;1
0.44946328;1
0.7320848;1
0.9967079;1
0.788404;0
0.9891684;1
0.5224502;0
0.9970662;1
0.59029514;0
0.63087857;0
0.99726677;1
0.9615834;1
0.24808548;0
0.86207694;0
0.99991524;1
0.9949974;1
0.9954091;1
0.49297535;0
0.8658398;1
0.9794438;0
0.17126927;1
0.5532597;0
0.8920147;0
0.98549855;1
0.6771054;1
0.9849916;1
0.74940544;0
0.9276068;1
0.5896417;0
0.99774534;1
0.9557013;0
0.9626894;0
0.9843233;0
0.99923074;1
0.9184138;0
0.42962664;1
0.3731642;1
0.79273087;0
0.19088213;0
0.9999838;1
0.9041692;0
0.5157161;0
0.9881512;1
0.23606841;1
0.9132049;1
0.999253;1
0.49270177;0
0.99293596;1
0.93757427;1
0.7235339;1
0.79281926;1
0.9832713;0
0.9779367;1
0.1086528;1
0.14544065;0
0.99865675;1
0.9211494;1
0.99473673;1
0.8658924;1
0.9990983;1
0.121119104;0
0.7852584;1
0.9657321;0
0.768462;0
0.99068904;1
0.97270423;1
0.9536235;1
0.53549135;1
0.83303463;1
0.91227233;0
0.9459436;1
0.45811704;1
0.99500245;1
0.9327138;1
0.77116513;0
0.5993008;0
0.4145803;1
0.30782285;0
0.10347831;0
0.6028444;1
0.9593344;1
0.80744654;1
0.5508924;1
0.89507073;0
0.7179413;0
0.9708656;1
0.8817142;1
0.728234;1
0.7386138;0
0.9659414;1
0.824313;1
0.9956196;1
0.9893351;1
0.9990214;1
0.98471665;1
0.9633654;1
0.98702884;1
0.9605292;1
0.96451235;1
0.93812114;1
0.71375066;0
0.99994314;1
0.5650145;0
0.97179675;1
0.93393946;1
0.99232095;1
0.9881109;1
0.998473;1
0.9449343;1
0.914677;0
0.33082795;0
0.86794007;0
0.09240458;0
0.9396136;1
0.9997191;1
0.81536007;0
0.9998273;1
0.8403683;1
0.99996555;1
0.48725912;1
0.18399872;1
0.6678159;0
0.70778656;1
0.74457777;0
0.76380885;0
0.82320285;0
0.72309834;0
0.38872874;0
0.8910441;0
0.27216676;1
0.9998497;1
0.9871356;1
0.08631725;0
0.78397185;1
0.9803663;0
0.95486134;1
0.99853647;1
0.5759373;0
0.9710713;1
0.9934917;1
0.9256892;1
0.088186264;0
0.8437168;1
0.25562713;0
0.9976235;1
0.10776344;1
0.662282;0
0.92576885;1
0.99891627;1
0.9816078;1
0.20706148;1
0.9137143;1
0.56085163;1
0.96973217;1
0.18388554;0
0.23120685;0
0.9266486;1
0.50518125;0
0.24440084;0
0.9999919;1
0.98571324;1
0.24813975;0
0.48142266;0
0.93535;1
0.9959552;1
0.68468505;0
0.9811803;0
0.0837452;1
0.9869848;0
0.8954243;1
0.99789727;1
0.95785326;1
0.9909162;1
0.98722535;1
0.77671474;1
0.7838051;0
0.78301346;0
0.93804014;1
0.48568308;0
0.15904635;1
0.09114964;0
0.73780036;0
0.7163658;0
0.9682644;1
0.99728656;1
0.9920046;1
0.37812638;1
0.122484244;0
0.6715772;0
0.9964056;1
0.9925735;1
0.8957517;1
0.979894;1
0.9998964;1
0.5687415;0
0.44769076;0
0.9757784;1
0.1601334;0
0.771665;1
0.9977022;1
0.7955246;1
0.6240969;0
0.8607583;1
0.43987945;1
0.99173284;1
0.9989452;1
0.96707;1
0.9339137;0
0.7126248;1
0.9890031;1
0.93510884;1
0.26421374;0
0.45737433;0
0.6178398;0
0.9999559;1
0.5677538;0
0.7934804;0
0.9995658;1
0.7515633;0
0.64038295;0
0.22811532;0
0.7949153;1
0.90355974;0
0.99675745;1
0.98129547;1
0.9886911;1
0.77669865;0
0.32399398;0
0.49841952;0
0.9955434;1
0.13532992;0
0.75262773;0
0.35837817;0
0.91653335;1
0.51068556;0
0.75201684;1
0.9418792;1
0.9138918;1
0.27380204;1
0.87458324;1
0.9994758;1
0.6608769;0
0.96990716;1
0.07505651;0
0.9949174;1
0.8690246;1
0.66698647;0
0.99161184;1
0.999987;1
0.9935603;1
0.9494483;1
0.08602709;0
0.98720455;1
0.10672928;0
0.94123095;0
0.44250566;1
0.07556715;0
0.38138482;1
0.9613983;1
0.9983125;1
0.8944933;1
0.32355985;0
0.78351563;0
0.8723037;1
0.94863635;1
0.4804005;1
0.4575116;0
0.91292554;0
0.99539447;1
0.30391815;1
0.7153666;1
0.9881159;1
0.119111046;0
0.5886622;0
0.92226255;1
0.9989986;1
0.31027722;1
0.99403423;1
0.7430532;0
0.3785448;0
0.954261;1
0.9210745;0
0.99728453;1
0.6140084;1
0.53734297;0
0.53898543;0
0.9898689;1
0.7162173;0
0.7570754;1
0.98680043;1
0.22848457;0
0.3736874;0
0.9400261;1
0.80334646;1
0.9189206;0
0.7202269;0
0.114735104;0
0.99913245;1
0.999516;1
0.502947;1
0.9752322;1
0.5887843;1
0.99897754;1
0.88464916;0
0.59683484;0
0.9852828;1
0.26510835;1
0.6569004;0
0.99955875;1
0.9957515;1
0.96655273;1
0.3263281;1
0.99942625;1
0.5868304;0
0.98328537;1
0.37208304;0
0.6718318;0
0.8322745;0
0.9234994;1
0.84711695;0
0.61254495;1
0.6449752;1
0.86052203;0
0.920545;1
0.9949097;1
0.050663915;1
0.93400866;1
0.99813014;1
0.88766026;1
0.8393829;0
0.97965646;1
0.67128617;0
0.8378061;0
0.667217;1
0.36016437;1
0.9999857;1
0.6831442;1
0.19506657;1
0.71431327;0
0.6844598;0
0.9656514;1
0.8929666;1
0.4842906;0
0.9800034;0
0.16172725;0
0.83050895;0
0.62336046;1
0.9397426;1
0.24619219;0
0.9781634;1
0.84767467;1
0.7618396;0
0.9996026;1
0.64311975;0
0.78869057;1
0.999532;1
0.9837938;1
0.77935094;0
0.98265636;1
0.22456737;1
0.7517728;1
0.9975083;1
0.9995042;1
0.9668942;1
0.98192686;1
0.50610554;1
0.99453;1
0.66722345;1
0.8793592;0
0.38384223;1
0.42825568;1
0.9986576;1
0.6740414;0
0.9999504;1
0.5459433;0
0.9778781;1
0.9350483;1
0.6656448;0
0.94396687;1
0.70361775;1
0.99878186;1
0.4975795;1
0.9958538;1
0.6674046;0
0.5777294;1
0.9473654;1
0.92837137;1
0.99117446;1
0.98057646;0
0.9841181;0
0.78695375;1
0.9998865;1
0.9662715;1
0.7488607;0
0.99995315;1
0.87031764;1
0.8547662;0
0.7868905;1
0.96700424;1
0.9139031;0
0.86411124;0
0.9854305;1
0.9757017;1
0.99563855;1
0.97345024;1
0.86877775;1
0.66757476;1
0.2131222;0
0.6570347;0
0.89470404;1
0.98157686;1
0.9970425;1
0.9964322;0
0.86087394;1
0.96557695;0
0.9943737;1
0.9320228;1
0.19886836;0
0.7600774;0
0.9979894;1
0.98385113;0
0.9996369;1
0.9258374;0
0.9983273;1
0.2801594;1
0.9977598;1
0.99808276;1
0.33497685;0
0.9999176;1
0.6823565;1
0.89889795;1
0.70523304;0
0.64298815;1
0.4930656;0
0.6776094;0
0.9232209;0
0.8275356;0
0.9895124;1
0.86968863;1
0.5536261;0
0.80885583;0
0.98596174;0
0.92515826;1
0.9435787;0
0.9953934;1
0.94894075;1
0.98491675;1
0.9472067;0
0.91537416;1
0.9154423;1
0.7903768;1
0.99553347;1
0.9978981;1
0.81189066;0
0.9992306;1
0.984582;1
0.25909942;0
0.92822987;0
0.96954435;1
0.24329808;0
0.259558;0
0.79568124;1
0.39532346;0
0.9830208;1
0.574913;1
0.996438;1
0.63546187;0
0.9772903;1
0.12116864;0
0.90788925;0
0.9423524;1
0.93421;1
0.7530623;1
0.9114088;0
0.51455325;0
0.7401015;0
0.14992715;0
0.94028544;1
0.68183005;0
0.86543876;0
0.99783605;1
0.6728605;0
0.9984212;1
0.3420729;0
0.88899493;1
0.7197381;0
0.3492579;0
0.97412544;1
0.96036655;1
0.5815622;0
0.9259714;0
0.68726104;0
0.9041539;1
0.98181504;0
0.5326641;1
0.7032923;1
0.7732475;0
0.5229354;1
0.8593473;1
0.82196903;1
0.8703444;1
0.8190467;1
0.9981554;1
0.8192413;1
0.2346404;0
0.9987734;1
0.9755567;1
0.99921775;1
0.45681947;0
0.7226748;0
0.43645948;1
0.7634647;0
0.86113906;1
0.9444111;1
0.967843;1
0.9645819;1
0.90615183;0
0.9244192;1
0.91586107;0
0.86631125;0
0.4401183;0
0.9949864;1
0.9844056;1
0.8568076;1
0.69748974;1
0.6778476;1
0.969321;1
0.92613727;1
0.99691653;1
0.106630705;1
0.40543002;0
0.9729687;1
0.2716497;0
0.049398683;0
0.70097154;1
0.9318143;0
0.8335001;0
0.9466543;0
0.9822541;1
0.6580239;0
0.7755778;0
0.77611053;1
0.83698845;1
0.9980889;1
0.9990299;1
0.9937651;1
0.34230322;0
0.9401591;0
0.9999925;1
0.9964594;1
0.79909265;0
0.28672376;0
0.97552663;1
0.8767693;1
0.9999869;1
0.72866136;0
0.7360648;0
0.82181853;0
0.9575198;1
0.93944705;1
0.93700033;1
0.21131897;0
0.21301337;0
0.05268238;0
0.98170716;1
0.9823136;1
0.5324867;0
0.99134713;1
0.9732887;1
0.7420428;0
0.8920552;0
0.6899281;0
0.9943347;1
0.9879292;1
0.98612404;1
0.9457225;1
0.96606565;1
0.66905206;1
0.72488624;0
0.95526606;1
0.9921251;1
0.37447354;1
0.6830133;1
0.31168598;0
0.5338689;0
0.17981686;0
0.99043417;1
0.5616582;0
0.99696606;1
0.7149207;0
0.76162994;1
0.99713933;1
0.99660265;1
0.30052665;0
0.9825859;1
0.18775786;0
0.50209665;0
0.82241595;0
0.91757053;1
0.99847716;1
0.99074554;1
0.81202304;0
0.9953654;1
0.95301396;1
0.9600838;1
0.84101033;1
0.5582608;1
0.9975575;1
0.10306471;0
0.62112564;0
0.6685155;0
0.52702785;1
0.9663096;1
0.28224537;1
0.944011;1
0.33743352;1
0.8040251;0
0.47829697;0
0.8961376;1
0.95662;1
0.76171255;0
0.15390965;0
0.7333816;0
0.5327753;1
0.5532852;1
0.35836807;0
0.20586689;0
0.9757352;1
0.79115975;0
0.6155316;0
0.99772316;1
0.9410463;1
0.88922846;1
0.6202866;0
0.98042345;0
0.63194484;1
0.9801174;1
0.9976674;1
0.99810225;1
0.83581907;0
0.11734931;0
0.9886453;1
0.9101379;1
0.9691357;1
0.50498146;0
0.9738415;1
0.9515147;1
0.5268109;0
0.93353146;1
0.98867804;1
0.06470544;0
0.9532335;1
0.88238645;0
0.34851798;0
0.6808813;0
0.47109583;1
0.99762625;1
0.62788135;1
0.9969248;1
0.9982815;1
0.46561515;0
0.8945631;1
0.94056886;1
0.9851612;1
0.8961654;1
0.8584153;1
0.99987996;1
0.5315076;0
0.86480814;1
0.52596754;0
0.5982496;1
0.35031;1
0.9969632;1
0.9803136;1
0.9365433;1
0.31032628;0
0.21047497;0
0.8804312;0
0.9908047;0
0.99662054;1
0.61231196;0
0.7651248;1
0.48037696;1
0.102324985;0
0.9960963;1
0.9408679;0
0.97489774;0
0.99450773;1
0.5387662;1
0.912304;1
0.9791763;1
0.9999769;1
0.9795742;0
0.9998615;1
0.67440945;0
0.3824337;0
0.99789774;1
0.9998374;1
0.83963513;0
0.42504215;0
0.9696278;1
0.7324115;1
0.21636094;0
0.97929907;1
0.9767721;0
0.8501533;0
0.96520686;0
0.8260597;1
0.98371214;1
0.88974583;1
0.72995204;1
0.99738425;1
0.57400936;0
0.80014944;0
0.3027868;1
0.87550926;1
0.7126481;1
0.99274373;1
0.44111067;1
0.9115455;0
0.05430229;1
0.8390218;0
0.9556216;1
0.98932904;1
0.10108182;0
0.9930353;1
0.94915897;1
0.98180306;1
0.9922305;1
0.7936164;0
0.073628284;0
0.9797753;0
0.94596535;0
0.27198008;0
0.99890685;1
0.94641006;1
0.9808111;0
0.91889733;1
0.95086175;1
0.9280961;0
0.98600614;1
0.9959629;1
0.77523315;0
0.7841311;1
0.39288628;0
0.838674;1
0.5815511;0
0.8343629;0
0.993704;1
0.6755895;1
0.9999963;1
0.8555404;0
0.9991704;1
0.91227204;1
0.92762196;1
0.97011584;1
0.9994733;1
0.69691074;0
0.9570728;0
0.99242485;1
0.89119226;1
0.8334959;1
0.33843774;0
0.96212333;1
0.90474075;1
0.98835653;1
0.8929423;0
0.7331534;0
0.89840895;0
0.94096583;1
0.97683847;1
0.22589076;1
0.23421139;0
0.8238556;0
0.9312958;0
0.5519362;0
0.9947743;1
0.9613901;0
0.83390534;0
0.98258257;1
0.6220872;1
0.9997967;1
0.91047513;0
0.99999845;1
0.8931725;1
0.326121;0
0.709742;0
0.08358837;1
0.86371213;1
0.34204873;1
0.99191886;0
0.7387735;0
0.98857003;1
0.9904122;1
0.8248521;0
0.98677516;1
0.92412186;0
0.99780935;1
0.92540854;0
0.12244348;0
0.9673162;1
0.50097317;0
0.5153154;0
0.70028305;0
0.9863598;1
0.9767114;1
0.67322755;0
0.8676436;1
0.9994324;1
0.539408;1
0.9933302;1
0.99988174;1
0.95284057;1
0.041483447;0
0.8050383;1
0.99416554;1
0.9981908;1
0.83772403;0
0.43323195;1
0.8263071;0
0.999977;1
0.99142915;1
0.8629845;1
0.4424082;1
0.7615358;1
0.81433815;0
0.77797276;1
0.9979146;1
0.64840335;1
0.18594879;1
0.94850063;1
0.68034434;0
0.9999479;1
0.85902715;1
0.99048144;1
0.9756089;1
0.8549902;0
0.9756638;1
0.9945281;1
0.68648714;1
0.8111149;0
0.99409074;1
0.116223656;0
0.9997311;1
0.49028268;1
0.3109732;0
0.16592094;1
0.93586135;1
0.7377715;0
0.6329811;1
0.98924875;1
0.72160476;0
0.9262444;0
0.18860795;0
0.796113;1
0.9976853;1
0.9040723;1
0.8905084;1
0.39281514;1
0.9779594;1
0.8136041;1
0.3965818;1
0.4976248;1
0.9862889;1
0.10129055;0
0.6829349;0
0.9860648;1
0.90608037;0
0.9288046;1
0.9302084;0
0.7992259;0
0.9846236;1
0.9996401;1
0.9885522;1
0.52112705;0
0.9992593;1
0.9943904;1
0.89355916;0
0.8525567;0
0.99176157;1
0.15507807;0
0.9577361;1
0.7930138;0
0.8402291;0
0.9865943;1
0.9793255;1
0.68438584;0
0.8410313;0
0.97817683;1
0.98718613;1
0.8146899;1
0.90623385;1
0.8655441;1
0.95784533;1
0.9988682;1
0.7945646;1
0.99932265;1
0.53941613;0
0.9688995;1
0.97443646;1
0.99652773;1
0.92324656;0
0.822786;1
0.9534077;0
0.33404133;0
0.9913536;1
0.9058016;0
0.9995272;1
0.966051;0
0.9739759;0
0.17359792;0
0.9998938;1
0.9970976;1
0.8386443;1
0.9999651;1
0.97315603;0
0.581851;1
0.9848055;1
0.66508603;0
0.38424638;1
0.5266045;1
0.86731774;1
0.3656956;0
0.73552835;0
0.56720006;0
0.8817991;0
0.83110327;0
0.99889934;1
0.8389733;0
0.6071991;1
0.22374213;0
0.64800406;0
0.8621344;1
0.7307718;1
0.83143526;1
0.9691427;1
0.9661322;0
0.64612126;0
0.3627913;0
0.5793979;0
0.9895607;1
0.99906725;1
0.9833166;1
0.97696596;1
0.96913546;1
0.7294701;0
0.9562238;1
0.85498697;1
0.75305796;0
0.9845583;1
0.9422928;0
0.9995772;1
0.9877472;1
0.9450367;1
0.9900855;1
0.59493065;0
0.5052504;1
0.54661787;0
0.90053165;0
0.79866534;0
0.5920779;1
0.44442034;0
0.99850583;1
0.8735735;0
0.8022647;0
0.64511704;0
0.7382833;0
0.6652422;1
0.9517357;1
0.8222076;1
0.90516543;1
0.9868541;1
0.8343918;1
0.9250378;1
0.2670962;0
0.95394915;1
0.26156497;1
0.87450737;0
0.6534462;1
0.12997392;0
0.9979265;1
0.9688325;1
0.7408001;1
0.9899761;1
0.94572645;1
0.71873504;0
0.84803426;0
0.96240526;1
0.8749432;1
0.7982006;1
0.7824578;0
0.98981667;1
0.9580859;1
0.10388067;0
0.99765503;1
0.8983533;1
0.99978656;1
0.930944;1
0.9252315;0
0.84300834;1
0.70480436;1
0.9045425;0
0.89066416;1
0.9999391;1
0.91794455;1
0.9484636;1
0.8336119;1
0.66461426;0
0.95758986;1
0.86548567;0
0.98535514;1
0.99844414;1
0.8406594;0
0.6787516;1
0.8168611;0
0.7168094;0
0.9979977;1
0.16891931;1
0.9829726;1
0.62805235;0
0.9998518;1
0.9710914;1
0.8845671;1
0.4211877;0
0.88531315;1
0.9951546;1
0.33455715;0
0.84560823;0
0.5903659;0
0.17995645;0
0.97662354;1
0.1183647;0
0.97331184;1
0.7716509;0
0.9007701;0
0.9998766;1
0.14216457;1
0.85600024;1
0.95568126;1
0.97812676;1
0.86659694;0
0.8565001;1
0.47946158;0
0.9238304;1
0.9892818;1
0.98861116;1
0.50569195;0
0.96635145;0
0.93914276;1
0.67936504;0
0.85609215;0
0.9965042;1
0.6514691;1
0.7334682;0
0.99999046;1
0.9563896;1
0.99761033;1
0.9999722;1
0.72766685;0
0.6608474;0
0.48760593;0
0.9799453;1
0.6302774;0
0.9999732;1
0.80117023;0
0.98756254;1
0.75442994;0
0.68903166;0
0.89036995;0
0.78097814;0
0.74674594;0
0.49223083;1
0.71692467;1
0.7523775;0
0.5404274;0
0.4744959;0
0.8268086;0
0.61392164;0
0.978997;1
0.8467824;1
0.19783801;0
0.16734435;0
0.24540041;0
0.9844332;1
0.89002323;1
0.973625;0
0.91572374;1
0.9933153;1
0.6302785;1
0.9998066;1
0.38366148;1
0.4297284;0
0.7754309;1
0.7657423;0
0.71785337;0
0.98684734;1
0.83455664;0
0.8442531;0
0.7102922;0
0.27004963;0
0.55150443;0
0.985593;1
0.99997437;1
0.9727338;1
0.8688331;0
0.99231166;1
0.8235837;0
0.9461085;1
0.9967007;1
0.99077094;1
0.86110497;1
0.8769285;0
0.99091727;1
0.998539;1
0.9536473;1
0.97938675;1
0.9792022;1
0.9936708;1
0.91451454;1
0.4808982;1
0.9999863;1
0.9701541;1
0.23190103;1
0.34078828;1
0.92571306;0
0.47148892;1
0.21290122;1
0.9555768;1
0.8933596;1
0.8075119;0
0.92219514;1
0.34515944;0
0.30572453;0
0.99786395;1
0.98753625;1
0.8453365;0
0.44374722;0
0.98272276;0
0.97207516;0
0.653085;0
0.96677834;0
0.93740726;0
0.99942744;1
0.98842037;1
0.52887374;1
0.9976573;1
0.88893825;1
0.62435716;0
0.8128921;0
0.9998822;1
0.99685246;1
0.9527161;1
0.91490585;0
0.570432;1
0.98135597;1
0.6422996;0
0.9981546;1
0.97472066;0
0.7872108;1
0.99051243;1
0.98029125;1
0.87146896;0
0.98003495;1
0.9920054;1
0.8748724;1
0.9707355;1
0.80680484;0
0.9911231;1
0.98344016;1
0.9940726;1
0.86761254;0
0.21993898;1
0.97189933;1
0.9889221;1
0.52403945;1
0.99259263;1
0.9868312;1
0.790903;0
0.45762914;1
0.99886143;1
0.65702;1
0.98655975;1
0.99026567;1
0.98018104;1
0.9457305;1
0.52075285;0
0.9300252;0
0.99975425;1
0.88150054;0
0.9143861;1
0.96640223;1
0.9930044;1
0.98638165;1
0.7028055;0
0.7737658;0
0.5800489;0
0.9930387;1
0.8692564;1
0.58475775;0
0.9056263;1
0.37577373;0
0.1583733;1
0.9999726;1
0.2368733;1
0.9711925;1
0.8789589;0
0.93387437;1
0.9087264;0
0.53320354;0
0.90694314;1
0.998428;1
0.091188274;1
0.29101807;0
0.99846953;1
0.91269606;1
0.69029117;1
0.9764115;1
0.13603494;1
0.85231936;1
0.9999305;1
0.9158111;0
0.9999894;1
0.6027229;1
0.9995846;1
0.7174805;0
0.4376077;1
0.9976889;1
0.8705046;0
0.9769746;1
0.980145;1
0.8850227;1
0.87507236;1
0.454203;1
0.64040464;0
0.60253406;1
0.99943465;1
0.9517995;1
0.9137443;1
0.905599;1
0.93921727;1
0.73016167;1
0.7272156;0
0.999571;1
0.53274894;0
0.10649475;1
0.83330595;1
0.99375993;1
0.4921574;1
0.87629217;0
0.9932226;1
0.90069175;0
0.9961914;1
0.29740968;0
0.9893993;1
0.6203801;0
0.99854386;1
0.95506465;1
0.24750465;1
0.8625637;0
0.91032577;1
0.9932105;1
0.3894382;0
0.99969244;1
0.9970886;1
0.9468375;1
0.3792863;1
0.6431588;0
0.5871673;0
0.70239455;1
0.9983485;1
0.7339927;1
0.584703;0
0.96373934;0
0.9740898;1
0.9887965;1
0.68563527;0
0.98674715;1
0.966685;1
0.23582445;1
0.99287534;1
0.99819994;1
0.92562646;0
0.9139336;0
0.5648774;1
0.98248625;1
0.5751522;0
0.84254414;1
0.9911432;1
0.8410357;0
0.6884461;1
0.91040045;0
0.8382382;1
0.9782175;1
0.7681385;0
0.50102335;0
0.9088211;1
0.9998878;1
0.30339596;0
0.5069596;1
0.95430064;1
0.5986757;1
0.69483024;0
0.6603344;0
0.93204623;1
0.83164907;0
0.98343486;1
0.70696986;0
0.57270676;1
0.98214495;1
0.98466486;1
0.35867095;0
0.9189761;1
0.301507;1
0.9885367;1
0.96333903;1
0.89281076;1
0.99928826;1
0.71507955;0
0.37039977;0
0.7065044;1
0.8679071;1
0.99736917;1
0.9988543;1
0.4035896;0
0.4077747;0
0.5272098;0
0.99998736;1
0.57772964;1
0.42263708;0
0.9001116;0
0.4958822;1
0.2210119;0
0.999964;1
0.97046036;1
0.97047585;1
0.90978765;0
0.99991906;1
0.9470291;0
0.9116574;0
0.10582685;0
0.77241135;1
0.9392039;1
0.29507923;0
0.84606093;0
0.9984561;1
0.35067883;1
0.86413306;1
0.9160103;1
0.4107479;0
0.0972509;1
0.7604334;0
0.9024051;1
0.9766343;1
0.6456277;0
0.51224756;0
0.99978334;1
0.6459977;0
0.91696084;1
0.9036568;1
0.6273423;1
0.9286791;1
0.9808427;1
0.9672753;1
0.98550284;1
0.6688691;0
0.9536734;0
0.36462247;0
0.9742285;1
0.69720054;1
0.9935463;1
0.99992335;1
0.6751315;0
0.31179264;1
0.98359585;1
0.9848605;1
0.9988613;1
0.9986802;1
0.9994159;1
0.8944593;1
0.58716273;1
0.8653082;1
0.85543615;0
0.9557966;1
0.8463515;0
0.9532026;0
0.96540046;1
0.8834494;0
0.70764023;0
0.9995931;1
0.9714091;1
0.99591535;1
0.9315728;1
0.3931404;1
0.29297918;1
0.997162;1
0.9921617;1
0.16479692;0
0.19699872;0
0.66790646;0
0.17317747;1
0.97285765;1
0.7895485;1
0.90374935;1
0.5437157;0
0.92998457;1
0.87419313;0
0.99482673;1
0.97895014;1
0.95175374;1
0.70075226;1
0.5023288;1
0.87815076;1
0.089540474;0
0.5187399;1
0.42928082;0
0.64374924;0
0.78561;0
0.98208135;1
0.74521554;0
0.46687868;0
0.6221404;0
0.6034515;0
0.5584006;0
0.7411954;1
0.99580646;0
0.74682117;1
0.44669583;0
0.98951787;1
0.99549246;1
0.7695786;0
0.9681791;1
0.6142391;0
0.98640776;1
0.76636976;0
0.31011954;1
0.5185548;1
0.18426296;1
0.99937856;1
0.7328044;0
0.9972199;1
0.93947184;0
0.6326216;0
0.9770107;0
0.75217754;1
0.4363495;1
0.9102226;1
0.8825491;1
0.37351176;0
0.96465164;1
0.99957484;1
0.960951;1
0.6262489;0
0.87778175;0
0.999962;1
0.7981793;0
0.20369469;0
0.7896815;1
0.98871976;1
0.8203126;0
0.863275;0
0.8905363;1
0.9650751;1
0.9760296;1
0.28992617;0
0.9932312;1
0.89156806;1
0.9479987;0
0.999686;1
0.9995245;1
0.40489405;0
0.7944346;1
0.9999825;1
0.6342495;0
0.94479966;0
0.98777395;1
0.86197126;0
0.12661618;0
0.45249987;0
0.58171993;1
0.81627315;0
0.9613157;0
0.6869964;1
0.9747702;1
0.90192723;1
0.83183163;1
0.7940785;0
0.7960975;0
0.96876836;0
0.8726865;1
0.23264149;0
0.9786092;1
0.99762374;1
0.5482727;1
0.9396379;1
0.99315417;1
0.99797744;1
0.96971536;1
0.57046396;0
0.5182843;0
0.6016293;1
0.99967647;1
0.42161533;0
0.9965641;1
0.999848;1
0.76845944;0
0.50421023;0
0.99701273;1
0.6192981;1
0.8152491;1
0.9898099;1
0.7960736;1
0.89438915;1
0.9856544;1
0.9153486;1
0.99801826;1
0.9969459;1
0.5024005;1
0.54952407;1
0.56106174;0
0.43271312;1
0.9999685;1
0.99717134;1
0.9845322;1
0.43216023;0
0.8720733;0
0.9438904;1
0.99999094;1
0.9849973;1
0.77396405;0
0.22884126;0
0.7080157;1
0.9544356;1
0.7616903;0
0.94948256;1
0.45973828;0
0.57002014;0
0.51692235;1
0.6371371;0
0.79406774;0
0.9940797;1
0.9848221;1
0.9488419;0
0.36427867;0
0.32803577;0
0.9453195;0
0.7466858;0
0.47231302;0
0.7142982;0
0.74112666;0
0.9994388;1
0.75301266;0
0.8187539;1
0.23619445;0
0.7445283;0
0.995275;1
0.8994492;0
0.96799904;1
0.99538296;1
0.69850904;1
0.9816305;1
0.46808678;1
0.9129811;1
0.8432939;1
0.10654686;0
0.7795197;0
0.97661453;1
0.9787243;1
0.85453033;0
0.36632225;0
0.51356447;1
0.98361164;1
0.98346174;1
0.9301543;1
0.61389637;0
0.9311898;1
0.9748037;1
0.9423239;1
0.34232813;1
0.8541258;0
0.9132724;1
0.9818034;1
0.561166;0
0.6255695;1
0.6612238;0
0.98828065;1
0.999742;1
0.2649981;0
0.9817324;0
0.9848028;1
0.9627577;1
0.9995154;1
0.9032777;1
0.9224003;1
0.92641693;1
0.7856433;0
0.42122495;1
0.99980396;1
0.8185583;1
0.47819608;0
0.61519617;0
0.84565574;0
0.624214;0
0.46873507;0
0.93384427;1
0.64119744;0
0.80761886;0
0.9991385;1
0.9986946;1
0.6876806;0
0.97144204;1
0.8898811;1
0.30677864;0
0.93938714;1
0.3051894;0
0.9845878;0
0.9521503;1
0.5424704;0
0.30997103;0
0.9897704;1
0.9735097;1
0.6290171;0
0.99993956;1
0.8535378;1
0.6440868;0
0.8763759;0
0.41498947;0
0.7246365;1
0.9803689;1
0.99687445;1
0.23203358;1
0.9484123;1
0.5139021;1
0.916691;1
0.9961748;1
0.12191218;0
0.686827;0
0.84385055;0
0.9480678;1
0.9951292;1
0.9638671;1
0.99737656;1
0.76743466;0
0.9865346;1
0.9942478;1
0.9889732;1
0.84404796;1
0.9780571;1
0.9792301;1
0.83475864;0
0.9241237;0
0.99862194;1
0.18410654;0
0.7386733;0
0.93534106;0
0.6311632;0
0.99979013;1
0.97832036;1
0.66139305;1
0.9955647;1
0.9856371;1
0.8453198;1
0.7858137;1
0.8188185;1
0.6735254;1
0.9922289;1
0.966218;1
0.62353295;0
0.97292006;1
0.63593596;0
0.9378366;0
0.834824;1
0.9995838;1
0.7395313;1
0.7931188;0
0.99999654;1
0.6870702;0
0.6893131;0
0.99834037;1
0.48992962;1
0.998833;1
0.053374022;0
0.98362815;1
0.99953043;1
0.87476236;1
0.86571074;1
0.7823569;0
0.2243435;0
0.850798;0
0.7446262;0
0.9913892;1
0.61920846;1
0.47583407;0
0.8219049;1
0.59208804;1
0.9908544;1
0.08141699;0
0.98884004;1
0.8266142;0
0.9419781;0
0.38768128;0
0.3379069;0
0.9989918;1
0.51984715;0
0.37418702;0
0.97311664;0
0.7795771;1
0.9997222;1
0.57047695;0
0.9993086;1
0.7018084;1
0.99757177;1
0.63378984;0
0.7225704;0
0.99455076;1
0.9784469;0
0.8448142;0
0.77791935;0
0.9798788;1
0.9753076;1
0.7681388;1
0.990184;1
0.9464199;1
0.9801048;1
0.93153286;1
0.93981194;1
0.7275148;0
0.9860312;1
0.738973;0
0.9953687;1
0.19032781;0
0.9078782;1
0.9744407;1
0.58423364;0
0.99979347;1
0.9998375;1
0.9789645;1
0.795716;1
0.99995947;1
0.99040526;1
0.9315909;1
0.4272562;0
0.9890754;1
0.9797218;1
0.9999521;1
0.979506;1
0.8461065;0
